{"inputs": [[[0.017388244868840008, 0.01781724118080694], [0.033453159297664396, 0.01104234120603523], [0.033453159297664396, 0.01104234120603523], [0.033453159297664396, 0.01104234120603523], [0.033453159297664396, 0.01104234120603523], [0.015223343954264834, -0.0030662204209317406], [0.00011963442909617913, -0.011714177921963297], [0.009328964937182941, -0.016599234332946813], [0.009328964937182941, -0.016599234332946813], [0.009328964937182941, -0.016599234332946813]], [[0.005751781345590429, -0.016569850351522607], [0.005751781345590429, -0.016569850351522607], [0.005751781345590429, -0.016569850351522607], [0.005751781345590429, -0.016569850351522607], [-0.013704174967039445, -0.022087932764211615], [-0.02157014280588086, -0.03823792339057716], [-0.02157014280588086, -0.03823792339057716], [-0.02157014280588086, -0.03823792339057716], [-0.02157014280588086, -0.03823792339057716], [-0.010005063510882733, -0.05036268575910559]]], "outputs": [[[0.004585581613649112, 0.003370599217992154], [0.01095089398468289, 0.26374648528294264], [0.02006615630141667, 0.25659797749176694], [0.02782438773629871, 0.24053215678061662], [0.03290390119268054, 0.2195847720098437], [0.033062246340577986, 0.19691006438116754], [0.02835725624258073, 0.176770253366323], [0.023154628188971738, 0.1588981726214105], [0.01911948750764378, 0.139363860611435], [0.01785111406701917, 0.11423306272341205]], [[0.0, -0.010899999999999993], [0.00199552852231924, 0.22929552852231924], [0.005485000558982906, 0.20262863339234186], [0.009183568590199424, 0.17295222552444725], [0.008407010096596303, 0.14097383993990073], [0.0022835220123895335, 0.11107704953135464], [-0.0069092972666612365, 0.0860671087596058], [-0.0142825501149381, 0.06672324011518459], [-0.019046670836501182, 0.05383721760111193], [-0.0193631073011448, 0.0728838884376131]]]}